College_ID,College_Name,College_Type,City,State,Tier,Student_Count,Partnership_Date
CLG0001,Indore Polytechnic College 001,Polytechnic,Indore,Madhya Pradesh,Tier 2,146,2024-02-03
CLG0002,Bengaluru Institute of Polytechnic 002,Polytechnic,Bengaluru,Karnataka,Tier 3,98,2024-05-10
CLG0003,Bengaluru Institute of Technology 003,Engineering,Bengaluru,Karnataka,Tier 2,153,2024-10-11
CLG0004,Ahmedabad Arts & Science College 004,Arts & Science,Ahmedabad,Gujarat,Tier 3,114,2022-09-06
CLG0005,Chennai Polytechnic College 005,Polytechnic,Chennai,Tamil Nadu,Tier 1,196,2023-11-23
CLG0006,Lucknow University 006,Autonomous University,Lucknow,Uttar Pradesh,Tier 2,134,2024-09-04
CLG0007,Indore Arts & Science College 007,Arts & Science,Indore,Madhya Pradesh,Tier 1,191,2022-02-17
CLG0008,Hyderabad Polytechnic College 008,Polytechnic,Hyderabad,Telangana,Tier 3,112,2024-11-25
CLG0009,Delhi NCR Degree College 009,Arts & Science,Delhi NCR,Delhi,Tier 2,129,2022-07-27
CLG0010,Hyderabad College of Engineering 010,Engineering,Hyderabad,Telangana,Tier 2,127,2024-01-04
CLG0011,Delhi NCR School of Management 011,Management,Delhi NCR,Delhi,Tier 3,110,2022-12-09
CLG0012,Coimbatore Degree College 012,Arts & Science,Coimbatore,Tamil Nadu,Tier 3,120,2022-11-12
CLG0013,Ahmedabad Engineering College 013,Engineering,Ahmedabad,Gujarat,Tier 1,178,2022-01-09
CLG0014,Indore School of Management 014,Management,Indore,Madhya Pradesh,Tier 2,143,2024-05-04
CLG0015,Mumbai Institute of Technology 015,Engineering,Mumbai,Maharashtra,Tier 2,139,2022-05-06
CLG0016,Ahmedabad Arts & Science College 016,Arts & Science,Ahmedabad,Gujarat,Tier 2,140,2024-04-17
CLG0017,Kolkata Degree College 017,Arts & Science,Kolkata,West Bengal,Tier 2,145,2022-11-29
CLG0018,Bengaluru Institute of Technology 018,Engineering,Bengaluru,Karnataka,Tier 2,144,2023-03-24
CLG0019,Bhopal Engineering College 019,Engineering,Bhopal,Madhya Pradesh,Tier 2,182,2022-11-05
CLG0020,Pune Degree College 020,Arts & Science,Pune,Maharashtra,Tier 2,136,2024-05-08
CLG0021,Ahmedabad Polytechnic College 021,Polytechnic,Ahmedabad,Gujarat,Tier 2,148,2022-07-02
CLG0022,Bengaluru Institute of Polytechnic 022,Polytechnic,Bengaluru,Karnataka,Tier 1,179,2023-05-21
CLG0023,Hyderabad College of Engineering 023,Engineering,Hyderabad,Telangana,Tier 2,140,2024-02-02
CLG0024,Mumbai Engineering College 024,Engineering,Mumbai,Maharashtra,Tier 2,136,2023-11-22
CLG0025,Delhi NCR College of Engineering 025,Engineering,Delhi NCR,Delhi,Tier 1,189,2024-11-19
CLG0026,Ranchi Engineering College 026,Engineering,Ranchi,Jharkhand,Tier 3,113,2024-11-27
CLG0027,Indore Degree College 027,Arts & Science,Indore,Madhya Pradesh,Tier 3,98,2022-10-26
CLG0028,Bengaluru Degree College 028,Arts & Science,Bengaluru,Karnataka,Tier 3,93,2022-08-10
CLG0029,Pune College of Engineering 029,Engineering,Pune,Maharashtra,Tier 2,136,2024-07-26
CLG0030,Lucknow Arts & Science College 030,Arts & Science,Lucknow,Uttar Pradesh,Tier 3,93,2023-11-18
CLG0031,Chennai Engineering College 031,Engineering,Chennai,Tamil Nadu,Tier 2,137,2023-04-01
CLG0032,Bengaluru College of Engineering 032,Engineering,Bengaluru,Karnataka,Tier 2,180,2022-06-08
CLG0033,Bengaluru Institute of Technology 033,Engineering,Bengaluru,Karnataka,Tier 2,157,2024-10-10
CLG0034,Chennai School of Management 034,Management,Chennai,Tamil Nadu,Tier 2,139,2022-01-25
CLG0035,Guwahati Polytechnic College 035,Polytechnic,Guwahati,Assam,Tier 2,158,2022-04-01
CLG0036,Mumbai University 036,Autonomous University,Mumbai,Maharashtra,Tier 2,144,2023-09-19
CLG0037,Mumbai College of Engineering 037,Engineering,Mumbai,Maharashtra,Tier 2,164,2023-07-25
CLG0038,Delhi NCR Polytechnic College 038,Polytechnic,Delhi NCR,Delhi,Tier 1,193,2024-09-08
CLG0039,Hyderabad College of Engineering 039,Engineering,Hyderabad,Telangana,Tier 2,157,2024-01-07
CLG0040,Pune Institute of Polytechnic 040,Polytechnic,Pune,Maharashtra,Tier 2,166,2024-04-21
CLG0041,Bengaluru Institute of Technology 041,Engineering,Bengaluru,Karnataka,Tier 3,109,2022-02-10
CLG0042,Chennai Polytechnic College 042,Polytechnic,Chennai,Tamil Nadu,Tier 2,149,2024-06-04
CLG0043,Pune College of Engineering 043,Engineering,Pune,Maharashtra,Tier 3,117,2023-07-18
CLG0044,Pune College of Engineering 044,Engineering,Pune,Maharashtra,Tier 3,100,2022-02-19
CLG0045,Delhi NCR University 045,Autonomous University,Delhi NCR,Delhi,Tier 3,111,2024-03-30
CLG0046,Patna Arts & Science College 046,Arts & Science,Patna,Bihar,Tier 3,103,2022-12-12
CLG0047,Indore Engineering College 047,Engineering,Indore,Madhya Pradesh,Tier 2,124,2022-04-14
CLG0048,Lucknow Autonomous University 048,Autonomous University,Lucknow,Uttar Pradesh,Tier 2,140,2022-09-21
CLG0049,Bengaluru Engineering College 049,Engineering,Bengaluru,Karnataka,Tier 3,101,2022-07-16
CLG0050,Kolkata Institute of Technology 050,Engineering,Kolkata,West Bengal,Tier 3,92,2022-12-06
CLG0051,Indore Arts & Science College 051,Arts & Science,Indore,Madhya Pradesh,Tier 3,113,2022-06-07
CLG0052,Bengaluru Institute of Technology 052,Engineering,Bengaluru,Karnataka,Tier 2,140,2024-01-13
CLG0053,Bengaluru Institute of Management Studies 053,Management,Bengaluru,Karnataka,Tier 2,128,2023-09-29
CLG0054,Hyderabad School of Management 054,Management,Hyderabad,Telangana,Tier 3,103,2024-03-20
CLG0055,Hyderabad University 055,Autonomous University,Hyderabad,Telangana,Tier 1,187,2023-03-12
CLG0056,Pune School of Management 056,Management,Pune,Maharashtra,Tier 2,145,2024-11-12
CLG0057,Pune College of Engineering 057,Engineering,Pune,Maharashtra,Tier 3,97,2023-08-31
CLG0058,Kolkata Engineering College 058,Engineering,Kolkata,West Bengal,Tier 1,189,2023-04-04
CLG0059,Guwahati Autonomous University 059,Autonomous University,Guwahati,Assam,Tier 2,147,2024-05-30
CLG0060,Mumbai College of Engineering 060,Engineering,Mumbai,Maharashtra,Tier 3,88,2022-04-30
CLG0061,Coimbatore College of Engineering 061,Engineering,Coimbatore,Tamil Nadu,Tier 3,113,2023-08-05
CLG0062,Kolkata School of Management 062,Management,Kolkata,West Bengal,Tier 3,95,2023-03-28
CLG0063,Delhi NCR Institute of Management Studies 063,Management,Delhi NCR,Delhi,Tier 2,151,2024-08-07
CLG0064,Mumbai Engineering College 064,Engineering,Mumbai,Maharashtra,Tier 2,166,2024-03-27
CLG0065,Nagpur College of Engineering 065,Engineering,Nagpur,Maharashtra,Tier 1,194,2023-10-13
CLG0066,Hyderabad Engineering College 066,Engineering,Hyderabad,Telangana,Tier 3,94,2022-06-07
CLG0067,Ranchi College of Engineering 067,Engineering,Ranchi,Jharkhand,Tier 1,180,2022-06-18
CLG0068,Bengaluru Institute of Technology 068,Engineering,Bengaluru,Karnataka,Tier 1,199,2022-07-11
CLG0069,Bengaluru Institute of Management Studies 069,Management,Bengaluru,Karnataka,Tier 2,126,2023-03-08
CLG0070,Pune Institute of Polytechnic 070,Polytechnic,Pune,Maharashtra,Tier 2,137,2024-07-20
CLG0071,Bengaluru Institute of Technology 071,Engineering,Bengaluru,Karnataka,Tier 1,174,2022-10-01
CLG0072,Chennai Institute of Technology 072,Engineering,Chennai,Tamil Nadu,Tier 2,156,2023-02-14
CLG0073,Chennai Polytechnic College 073,Polytechnic,Chennai,Tamil Nadu,Tier 1,187,2022-02-26
CLG0074,Ranchi Institute of Polytechnic 074,Polytechnic,Ranchi,Jharkhand,Tier 1,221,2024-09-15
CLG0075,Nashik Institute of Polytechnic 075,Polytechnic,Nashik,Maharashtra,Tier 3,105,2023-12-05
CLG0076,Indore Arts & Science College 076,Arts & Science,Indore,Madhya Pradesh,Tier 1,180,2023-07-18
CLG0077,Bhopal Degree College 077,Arts & Science,Bhopal,Madhya Pradesh,Tier 2,157,2023-12-02
CLG0078,Pune Arts & Science College 078,Arts & Science,Pune,Maharashtra,Tier 1,181,2023-04-02
CLG0079,Pune Engineering College 079,Engineering,Pune,Maharashtra,Tier 2,134,2022-12-25
CLG0080,Delhi NCR Engineering College 080,Engineering,Delhi NCR,Delhi,Tier 3,121,2024-11-04
CLG0081,Ranchi College of Engineering 081,Engineering,Ranchi,Jharkhand,Tier 2,135,2023-08-10
CLG0082,Coimbatore Institute of Polytechnic 082,Polytechnic,Coimbatore,Tamil Nadu,Tier 2,140,2023-08-07
CLG0083,Kolkata Polytechnic College 083,Polytechnic,Kolkata,West Bengal,Tier 2,122,2022-08-10
CLG0084,Jaipur Engineering College 084,Engineering,Jaipur,Rajasthan,Tier 3,118,2023-11-04
CLG0085,Bengaluru College of Engineering 085,Engineering,Bengaluru,Karnataka,Tier 3,94,2024-10-21
CLG0086,Hyderabad Polytechnic College 086,Polytechnic,Hyderabad,Telangana,Tier 3,114,2023-10-13
CLG0087,Indore University 087,Autonomous University,Indore,Madhya Pradesh,Tier 3,112,2022-10-05
CLG0088,Chennai School of Management 088,Management,Chennai,Tamil Nadu,Tier 1,194,2022-07-07
CLG0089,Chennai Degree College 089,Arts & Science,Chennai,Tamil Nadu,Tier 2,134,2023-07-27
CLG0090,Lucknow Arts & Science College 090,Arts & Science,Lucknow,Uttar Pradesh,Tier 3,105,2023-10-19
CLG0091,Kanpur Engineering College 091,Engineering,Kanpur,Uttar Pradesh,Tier 1,196,2022-04-07
CLG0092,Ahmedabad Polytechnic College 092,Polytechnic,Ahmedabad,Gujarat,Tier 2,118,2024-01-05
CLG0093,Delhi NCR Institute of Polytechnic 093,Polytechnic,Delhi NCR,Delhi,Tier 3,97,2022-10-24
CLG0094,Delhi NCR Engineering College 094,Engineering,Delhi NCR,Delhi,Tier 2,109,2022-06-11
CLG0095,Kanpur Arts & Science College 095,Arts & Science,Kanpur,Uttar Pradesh,Tier 2,129,2024-03-10
CLG0096,Chennai Institute of Polytechnic 096,Polytechnic,Chennai,Tamil Nadu,Tier 3,91,2023-06-09
CLG0097,Delhi NCR Institute of Management Studies 097,Management,Delhi NCR,Delhi,Tier 3,106,2024-11-07
CLG0098,Bengaluru School of Management 098,Management,Bengaluru,Karnataka,Tier 3,111,2022-05-14
CLG0099,Chennai Institute of Technology 099,Engineering,Chennai,Tamil Nadu,Tier 3,103,2023-05-13
CLG0100,Nagpur Arts & Science College 100,Arts & Science,Nagpur,Maharashtra,Tier 2,169,2023-04-30
CLG0101,Pune Institute of Polytechnic 101,Polytechnic,Pune,Maharashtra,Tier 3,118,2022-05-02
CLG0102,Varanasi Engineering College 102,Engineering,Varanasi,Uttar Pradesh,Tier 3,108,2024-07-05
CLG0103,Bengaluru School of Management 103,Management,Bengaluru,Karnataka,Tier 3,103,2023-12-13
CLG0104,Bengaluru Institute of Technology 104,Engineering,Bengaluru,Karnataka,Tier 3,95,2022-09-21
CLG0105,Hyderabad Institute of Technology 105,Engineering,Hyderabad,Telangana,Tier 3,127,2024-09-24
CLG0106,Ahmedabad Institute of Technology 106,Engineering,Ahmedabad,Gujarat,Tier 1,184,2022-02-26
CLG0107,Kolkata Institute of Technology 107,Engineering,Kolkata,West Bengal,Tier 3,113,2024-07-19
CLG0108,Bengaluru University 108,Autonomous University,Bengaluru,Karnataka,Tier 3,105,2024-04-25
CLG0109,Jaipur College of Engineering 109,Engineering,Jaipur,Rajasthan,Tier 3,94,2022-08-09
CLG0110,Bengaluru Institute of Polytechnic 110,Polytechnic,Bengaluru,Karnataka,Tier 2,132,2023-11-21
CLG0111,Coimbatore Polytechnic College 111,Polytechnic,Coimbatore,Tamil Nadu,Tier 1,180,2022-07-31
CLG0112,Pune Autonomous University 112,Autonomous University,Pune,Maharashtra,Tier 3,106,2023-11-01
CLG0113,Bengaluru Institute of Technology 113,Engineering,Bengaluru,Karnataka,Tier 2,120,2024-08-26
CLG0114,Jaipur Engineering College 114,Engineering,Jaipur,Rajasthan,Tier 1,162,2022-07-20
CLG0115,Nashik Polytechnic College 115,Polytechnic,Nashik,Maharashtra,Tier 2,134,2023-11-28
CLG0116,Chennai Autonomous University 116,Autonomous University,Chennai,Tamil Nadu,Tier 1,186,2022-11-26
CLG0117,Chennai School of Management 117,Management,Chennai,Tamil Nadu,Tier 3,111,2024-10-26
CLG0118,Hyderabad Degree College 118,Arts & Science,Hyderabad,Telangana,Tier 2,147,2023-06-04
CLG0119,Bengaluru Institute of Technology 119,Engineering,Bengaluru,Karnataka,Tier 1,189,2022-11-30
CLG0120,Delhi NCR Institute of Management Studies 120,Management,Delhi NCR,Delhi,Tier 2,118,2023-03-27
CLG0121,Delhi NCR Institute of Management Studies 121,Management,Delhi NCR,Delhi,Tier 1,195,2022-12-14
CLG0122,Bengaluru Arts & Science College 122,Arts & Science,Bengaluru,Karnataka,Tier 2,144,2022-09-05
CLG0123,Chennai Institute of Management Studies 123,Management,Chennai,Tamil Nadu,Tier 2,151,2023-12-11
CLG0124,Ahmedabad Polytechnic College 124,Polytechnic,Ahmedabad,Gujarat,Tier 2,144,2023-08-25
CLG0125,Delhi NCR Engineering College 125,Engineering,Delhi NCR,Delhi,Tier 2,158,2023-07-16
CLG0126,Lucknow Autonomous University 126,Autonomous University,Lucknow,Uttar Pradesh,Tier 3,105,2023-07-06
CLG0127,Mumbai College of Engineering 127,Engineering,Mumbai,Maharashtra,Tier 3,118,2024-07-05
CLG0128,Mumbai Engineering College 128,Engineering,Mumbai,Maharashtra,Tier 1,192,2024-07-10
CLG0129,Bengaluru College of Engineering 129,Engineering,Bengaluru,Karnataka,Tier 2,150,2022-07-09
CLG0130,Pune College of Engineering 130,Engineering,Pune,Maharashtra,Tier 3,111,2024-06-24
CLG0131,Bhopal Institute of Technology 131,Engineering,Bhopal,Madhya Pradesh,Tier 2,134,2023-10-20
CLG0132,Bengaluru University 132,Autonomous University,Bengaluru,Karnataka,Tier 2,152,2024-12-26
CLG0133,Indore School of Management 133,Management,Indore,Madhya Pradesh,Tier 2,151,2024-02-12
CLG0134,Delhi NCR Engineering College 134,Engineering,Delhi NCR,Delhi,Tier 2,152,2022-08-17
CLG0135,Chennai College of Engineering 135,Engineering,Chennai,Tamil Nadu,Tier 1,192,2024-07-04
CLG0136,Varanasi Institute of Polytechnic 136,Polytechnic,Varanasi,Uttar Pradesh,Tier 2,127,2024-12-20
CLG0137,Hyderabad Arts & Science College 137,Arts & Science,Hyderabad,Telangana,Tier 2,139,2022-03-29
CLG0138,Lucknow Degree College 138,Arts & Science,Lucknow,Uttar Pradesh,Tier 2,142,2022-06-14
CLG0139,Hyderabad College of Engineering 139,Engineering,Hyderabad,Telangana,Tier 3,101,2022-09-12
CLG0140,Pune Institute of Management Studies 140,Management,Pune,Maharashtra,Tier 2,133,2023-06-25
CLG0141,Bengaluru Institute of Polytechnic 141,Polytechnic,Bengaluru,Karnataka,Tier 2,138,2023-11-30
CLG0142,Ahmedabad Institute of Polytechnic 142,Polytechnic,Ahmedabad,Gujarat,Tier 3,101,2022-03-05
CLG0143,Delhi NCR Engineering College 143,Engineering,Delhi NCR,Delhi,Tier 2,158,2024-07-13
CLG0144,Mumbai Polytechnic College 144,Polytechnic,Mumbai,Maharashtra,Tier 3,96,2023-07-07
CLG0145,Ranchi Polytechnic College 145,Polytechnic,Ranchi,Jharkhand,Tier 2,159,2023-01-08
CLG0146,Mumbai Institute of Technology 146,Engineering,Mumbai,Maharashtra,Tier 2,146,2023-03-13
CLG0147,Ranchi Institute of Technology 147,Engineering,Ranchi,Jharkhand,Tier 2,135,2023-01-07
CLG0148,Hyderabad Autonomous University 148,Autonomous University,Hyderabad,Telangana,Tier 1,166,2023-05-06
CLG0149,Pune College of Engineering 149,Engineering,Pune,Maharashtra,Tier 2,159,2022-11-01
CLG0150,Jaipur Autonomous University 150,Autonomous University,Jaipur,Rajasthan,Tier 2,139,2023-11-11
CLG0151,Mumbai Autonomous University 151,Autonomous University,Mumbai,Maharashtra,Tier 3,113,2024-02-29
CLG0152,Guwahati Polytechnic College 152,Polytechnic,Guwahati,Assam,Tier 3,100,2022-05-05
CLG0153,Lucknow Degree College 153,Arts & Science,Lucknow,Uttar Pradesh,Tier 2,135,2023-12-18
CLG0154,Nashik Engineering College 154,Engineering,Nashik,Maharashtra,Tier 3,100,2024-03-14
CLG0155,Lucknow Institute of Technology 155,Engineering,Lucknow,Uttar Pradesh,Tier 2,162,2022-02-14
CLG0156,Indore Autonomous University 156,Autonomous University,Indore,Madhya Pradesh,Tier 2,151,2023-05-25
CLG0157,Nashik Institute of Polytechnic 157,Polytechnic,Nashik,Maharashtra,Tier 2,156,2022-04-03
CLG0158,Chennai University 158,Autonomous University,Chennai,Tamil Nadu,Tier 3,106,2024-06-19
CLG0159,Bengaluru College of Engineering 159,Engineering,Bengaluru,Karnataka,Tier 2,148,2022-04-30
CLG0160,Ahmedabad Polytechnic College 160,Polytechnic,Ahmedabad,Gujarat,Tier 3,101,2024-08-05
